ShowTheMenuOfThePlace,2021-49-05 10-49-29
AddedFood,2021-49-05 10-49-29
ShowFoodFromMenu,2021-49-05 10-49-29
AddedFood,2021-49-05 10-49-29
ShowFoodFromMenu,2021-49-05 10-49-29
ShowFoodNameFromOrder,2021-49-05 10-49-29
ShowTotalPrice,2021-49-05 10-49-29
ShowTotalPrice,2021-49-05 10-49-29
AddedFood,2021-49-05 10-49-29
ShowFoodFromMenu,2021-49-05 10-49-29
AddedFood,2021-49-05 10-49-29
ShowFoodFromMenu,2021-49-05 10-49-29
ShowFoodNameFromOrder,2021-49-05 10-49-29
ShowTotalPrice,2021-49-05 10-49-29
ShowTotalPrice,2021-49-05 10-49-29
ShowAllPlacesFromCity,2021-49-05 10-49-29
ShowPlacesWithSameFood,2021-49-05 10-49-29
ShowOrdersFromClients,2021-49-05 10-49-29
ShowADaySOrder,2021-49-05 10-49-29
ShowOrderFromAPlace,2021-49-05 10-49-29
ShowTheMenuOfThePlace,2021-52-05 10-52-03
AddedFood,2021-52-05 10-52-03
ShowFoodFromMenu,2021-52-05 10-52-03
AddedFood,2021-52-05 10-52-03
ShowFoodFromMenu,2021-52-05 10-52-03
ShowFoodNameFromOrder,2021-52-05 10-52-03
ShowTotalPrice,2021-52-05 10-52-03
ShowTotalPrice,2021-52-05 10-52-03
AddedFood,2021-52-05 10-52-03
ShowFoodFromMenu,2021-52-05 10-52-03
AddedFood,2021-52-05 10-52-03
ShowFoodFromMenu,2021-52-05 10-52-03
ShowFoodNameFromOrder,2021-52-05 10-52-03
ShowTotalPrice,2021-52-05 10-52-03
ShowTotalPrice,2021-52-05 10-52-03
ShowAllPlacesFromCity,2021-52-05 10-52-03
ShowPlacesWithSameFood,2021-52-05 10-52-03
ShowOrdersFromClients,2021-52-05 10-52-03
ShowADaySOrder,2021-52-05 10-52-03
ShowOrderFromAPlace,2021-52-05 10-52-03
ShowTheMenuOfThePlace,2021-53-05 10-53-21
AddedFood,2021-53-05 10-53-21
ShowFoodFromMenu,2021-53-05 10-53-21
AddedFood,2021-53-05 10-53-21
ShowFoodFromMenu,2021-53-05 10-53-21
ShowFoodNameFromOrder,2021-53-05 10-53-21
ShowTotalPrice,2021-53-05 10-53-21
ShowTotalPrice,2021-53-05 10-53-21
AddedFood,2021-53-05 10-53-21
ShowFoodFromMenu,2021-53-05 10-53-21
AddedFood,2021-53-05 10-53-21
ShowFoodFromMenu,2021-53-05 10-53-21
ShowFoodNameFromOrder,2021-53-05 10-53-21
ShowTotalPrice,2021-53-05 10-53-21
ShowTotalPrice,2021-53-05 10-53-21
ShowAllPlacesFromCity,2021-53-05 10-53-21
ShowPlacesWithSameFood,2021-53-05 10-53-21
ShowOrdersFromClients,2021-53-05 10-53-21
ShowADaySOrder,2021-53-05 10-53-21
ShowOrderFromAPlace,2021-53-05 10-53-21
ShowTheMenuOfThePlace,2021-54-05 10-54-26
AddedFood,2021-54-05 10-54-26
ShowFoodFromMenu,2021-54-05 10-54-26
AddedFood,2021-54-05 10-54-26
ShowFoodFromMenu,2021-54-05 10-54-26
ShowFoodNameFromOrder,2021-54-05 10-54-26
ShowTotalPrice,2021-54-05 10-54-26
ShowTotalPrice,2021-54-05 10-54-26
AddedFood,2021-54-05 10-54-26
ShowFoodFromMenu,2021-54-05 10-54-26
AddedFood,2021-54-05 10-54-26
ShowFoodFromMenu,2021-54-05 10-54-26
ShowFoodNameFromOrder,2021-54-05 10-54-26
ShowTotalPrice,2021-54-05 10-54-26
ShowTotalPrice,2021-54-05 10-54-26
ShowAllPlacesFromCity,2021-54-05 10-54-26
ShowPlacesWithSameFood,2021-54-05 10-54-26
ShowOrdersFromClients,2021-54-05 10-54-26
ShowADaySOrder,2021-54-05 10-54-26
ShowOrderFromAPlace,2021-54-05 10-54-26
ShowTheMenuOfThePlace,2021-58-05 10-58-46
AddedFood,2021-58-05 10-58-46
ShowFoodFromMenu,2021-58-05 10-58-46
AddedFood,2021-58-05 10-58-46
ShowFoodFromMenu,2021-58-05 10-58-46
ShowFoodNameFromOrder,2021-58-05 10-58-46
ShowTotalPrice,2021-58-05 10-58-46
ShowTotalPrice,2021-58-05 10-58-46
AddedFood,2021-58-05 10-58-46
ShowFoodFromMenu,2021-58-05 10-58-46
AddedFood,2021-58-05 10-58-46
ShowFoodFromMenu,2021-58-05 10-58-46
ShowFoodNameFromOrder,2021-58-05 10-58-46
ShowTotalPrice,2021-58-05 10-58-46
ShowTotalPrice,2021-58-05 10-58-46
ShowAllPlacesFromCity,2021-58-05 10-58-46
ShowPlacesWithSameFood,2021-58-05 10-58-46
ShowOrdersFromClients,2021-58-05 10-58-46
ShowADaySOrder,2021-58-05 10-58-46
ShowOrderFromAPlace,2021-58-05 10-58-46
ShowTheMenuOfThePlace,2021-02-05 11-02-24
AddedFood,2021-02-05 11-02-25
ShowFoodFromMenu,2021-02-05 11-02-25
AddedFood,2021-02-05 11-02-25
ShowFoodFromMenu,2021-02-05 11-02-25
ShowFoodNameFromOrder,2021-02-05 11-02-25
ShowTotalPrice,2021-02-05 11-02-25
ShowTotalPrice,2021-02-05 11-02-25
AddedFood,2021-02-05 11-02-25
ShowFoodFromMenu,2021-02-05 11-02-25
AddedFood,2021-02-05 11-02-25
ShowFoodFromMenu,2021-02-05 11-02-25
ShowFoodNameFromOrder,2021-02-05 11-02-25
ShowTotalPrice,2021-02-05 11-02-25
ShowTotalPrice,2021-02-05 11-02-25
ShowAllPlacesFromCity,2021-02-05 11-02-25
ShowPlacesWithSameFood,2021-02-05 11-02-25
ShowOrdersFromClients,2021-02-05 11-02-25
ShowADaySOrder,2021-02-05 11-02-25
ShowOrderFromAPlace,2021-02-05 11-02-25
ShowTheMenuOfThePlace,2021-03-05 11-03-01
AddedFood,2021-03-05 11-03-01
ShowFoodFromMenu,2021-03-05 11-03-01
AddedFood,2021-03-05 11-03-01
ShowFoodFromMenu,2021-03-05 11-03-01
ShowFoodNameFromOrder,2021-03-05 11-03-01
ShowTotalPrice,2021-03-05 11-03-01
ShowTotalPrice,2021-03-05 11-03-01
AddedFood,2021-03-05 11-03-01
ShowFoodFromMenu,2021-03-05 11-03-01
AddedFood,2021-03-05 11-03-01
ShowFoodFromMenu,2021-03-05 11-03-01
ShowFoodNameFromOrder,2021-03-05 11-03-01
ShowTotalPrice,2021-03-05 11-03-01
ShowTotalPrice,2021-03-05 11-03-01
ShowAllPlacesFromCity,2021-03-05 11-03-01
ShowPlacesWithSameFood,2021-03-05 11-03-01
ShowOrdersFromClients,2021-03-05 11-03-01
ShowADaySOrder,2021-03-05 11-03-01
ShowOrderFromAPlace,2021-03-05 11-03-01
ShowTheMenuOfThePlace,2021-04-05 11-04-19
AddedFood,2021-04-05 11-04-19
ShowFoodFromMenu,2021-04-05 11-04-19
AddedFood,2021-04-05 11-04-19
ShowFoodFromMenu,2021-04-05 11-04-19
ShowFoodNameFromOrder,2021-04-05 11-04-19
ShowTotalPrice,2021-04-05 11-04-19
ShowTotalPrice,2021-04-05 11-04-19
AddedFood,2021-04-05 11-04-19
ShowFoodFromMenu,2021-04-05 11-04-19
AddedFood,2021-04-05 11-04-19
ShowFoodFromMenu,2021-04-05 11-04-19
ShowFoodNameFromOrder,2021-04-05 11-04-19
ShowTotalPrice,2021-04-05 11-04-19
ShowTotalPrice,2021-04-05 11-04-19
ShowAllPlacesFromCity,2021-04-05 11-04-19
ShowPlacesWithSameFood,2021-04-05 11-04-19
ShowOrdersFromClients,2021-04-05 11-04-19
ShowADaySOrder,2021-04-05 11-04-19
ShowOrderFromAPlace,2021-04-05 11-04-19
ShowTheMenuOfThePlace,2021-04-05 11-04-30
AddedFood,2021-04-05 11-04-30
ShowFoodFromMenu,2021-04-05 11-04-30
AddedFood,2021-04-05 11-04-30
ShowFoodFromMenu,2021-04-05 11-04-30
ShowFoodNameFromOrder,2021-04-05 11-04-30
ShowTotalPrice,2021-04-05 11-04-30
ShowTotalPrice,2021-04-05 11-04-30
AddedFood,2021-04-05 11-04-30
ShowFoodFromMenu,2021-04-05 11-04-30
AddedFood,2021-04-05 11-04-30
ShowFoodFromMenu,2021-04-05 11-04-30
ShowFoodNameFromOrder,2021-04-05 11-04-30
ShowTotalPrice,2021-04-05 11-04-30
ShowTotalPrice,2021-04-05 11-04-30
ShowAllPlacesFromCity,2021-04-05 11-04-30
ShowPlacesWithSameFood,2021-04-05 11-04-30
ShowOrdersFromClients,2021-04-05 11-04-30
ShowADaySOrder,2021-04-05 11-04-30
ShowOrderFromAPlace,2021-04-05 11-04-30
ShowTheMenuOfThePlace,2021-05-05 11-05-43
AddedFood,2021-05-05 11-05-43
ShowFoodFromMenu,2021-05-05 11-05-43
AddedFood,2021-05-05 11-05-43
ShowFoodFromMenu,2021-05-05 11-05-43
ShowFoodNameFromOrder,2021-05-05 11-05-43
ShowTotalPrice,2021-05-05 11-05-43
ShowTotalPrice,2021-05-05 11-05-43
AddedFood,2021-05-05 11-05-43
ShowFoodFromMenu,2021-05-05 11-05-43
AddedFood,2021-05-05 11-05-43
ShowFoodFromMenu,2021-05-05 11-05-43
ShowFoodNameFromOrder,2021-05-05 11-05-43
ShowTotalPrice,2021-05-05 11-05-43
ShowTotalPrice,2021-05-05 11-05-43
ShowAllPlacesFromCity,2021-05-05 11-05-43
ShowPlacesWithSameFood,2021-05-05 11-05-43
ShowOrdersFromClients,2021-05-05 11-05-43
ShowADaySOrder,2021-05-05 11-05-43
ShowOrderFromAPlace,2021-05-05 11-05-43
ShowTheMenuOfThePlace,2021-07-05 11-07-40
AddedFood,2021-07-05 11-07-40
ShowFoodFromMenu,2021-07-05 11-07-40
AddedFood,2021-07-05 11-07-40
ShowFoodFromMenu,2021-07-05 11-07-40
ShowFoodNameFromOrder,2021-07-05 11-07-40
ShowTotalPrice,2021-07-05 11-07-40
ShowTotalPrice,2021-07-05 11-07-40
AddedFood,2021-07-05 11-07-40
ShowFoodFromMenu,2021-07-05 11-07-40
AddedFood,2021-07-05 11-07-40
ShowFoodFromMenu,2021-07-05 11-07-40
ShowFoodNameFromOrder,2021-07-05 11-07-40
ShowTotalPrice,2021-07-05 11-07-40
ShowTotalPrice,2021-07-05 11-07-40
ShowAllPlacesFromCity,2021-07-05 11-07-40
ShowPlacesWithSameFood,2021-07-05 11-07-40
ShowOrdersFromClients,2021-07-05 11-07-40
ShowADaySOrder,2021-07-05 11-07-40
ShowOrderFromAPlace,2021-07-05 11-07-40
ShowTheMenuOfThePlace,2021-12-06 12-12-46
AddedFood,2021-12-06 12-12-46
ShowFoodFromMenu,2021-12-06 12-12-46
AddedFood,2021-12-06 12-12-46
ShowFoodFromMenu,2021-12-06 12-12-46
ShowFoodNameFromOrder,2021-12-06 12-12-46
ShowTotalPrice,2021-12-06 12-12-46
ShowTotalPrice,2021-12-06 12-12-46
AddedFood,2021-12-06 12-12-46
ShowFoodFromMenu,2021-12-06 12-12-46
AddedFood,2021-12-06 12-12-46
ShowFoodFromMenu,2021-12-06 12-12-46
ShowFoodNameFromOrder,2021-12-06 12-12-46
ShowTotalPrice,2021-12-06 12-12-46
ShowTotalPrice,2021-12-06 12-12-46
ShowAllPlacesFromCity,2021-12-06 12-12-46
ShowPlacesWithSameFood,2021-12-06 12-12-46
ShowOrdersFromClients,2021-12-06 12-12-46
ShowADaySOrder,2021-12-06 12-12-46
ShowOrderFromAPlace,2021-12-06 12-12-46
ShowTheMenuOfThePlace,2021-13-06 12-13-11
AddedFood,2021-13-06 12-13-11
ShowFoodFromMenu,2021-13-06 12-13-11
AddedFood,2021-13-06 12-13-11
ShowFoodFromMenu,2021-13-06 12-13-11
ShowFoodNameFromOrder,2021-13-06 12-13-11
ShowTotalPrice,2021-13-06 12-13-11
ShowTotalPrice,2021-13-06 12-13-11
AddedFood,2021-13-06 12-13-11
ShowFoodFromMenu,2021-13-06 12-13-11
AddedFood,2021-13-06 12-13-11
ShowFoodFromMenu,2021-13-06 12-13-11
ShowFoodNameFromOrder,2021-13-06 12-13-11
ShowTotalPrice,2021-13-06 12-13-11
ShowTotalPrice,2021-13-06 12-13-11
ShowAllPlacesFromCity,2021-13-06 12-13-11
ShowPlacesWithSameFood,2021-13-06 12-13-11
ShowOrdersFromClients,2021-13-06 12-13-11
ShowADaySOrder,2021-13-06 12-13-11
ShowOrderFromAPlace,2021-13-06 12-13-11
